﻿<?xml version="1.0" encoding="utf-8"?>
<!-- ScpControl Configuration Data. 23/12/2018 9:13:03 -->

<ScpControl>
  <Idle>600000</Idle>
  <LX>False</LX>
  <LY>False</LY>
  <RX>False</RX>
  <RY>False</RY>
  <LED>False</LED>
  <Rumble>False</Rumble>
  <Triggers>False</Triggers>
  <Latency>128</Latency>
  <DeadL>0</DeadL>
  <DeadR>0</DeadR>
  <Native>False</Native>
  <SSP>True</SSP>
  <Volume>100</Volume>
  <Brightness>128</Brightness>
  <Bus>0</Bus>
  <Force>False</Force>
</ScpControl>