﻿<?xml version="1.0" encoding="utf-8"?>
<!-- ScpMapper Configuration Data. 22/12/2018 12:16:43 -->
<ScpMapper>
  <Description>SCP Mapping File</Description>
  <Version>1.2.2.12018</Version>
  <Active>Default</Active>
  <Mapping>
    <Profile>
      <Name>-- Sample Default</Name>
      <Type>Global</Type>
      <Value />
      <DS3>
        <Button>
          <Select>Select</Select>
          <L3>L3</L3>
          <R3>R3</R3>
          <Start>Start</Start>
          <Up>Up</Up>
          <Right>Right</Right>
          <Down>Down</Down>
          <Left>Left</Left>
          <L2>L2</L2>
          <R2>R2</R2>
          <L1>L1</L1>
          <R1>R1</R1>
          <Triangle>Triangle</Triangle>
          <Circle>Circle</Circle>
          <Cross>Cross</Cross>
          <Square>Square</Square>
          <PS>PS</PS>
        </Button>
        <Axis>
          <LX>LX</LX>
          <LY>LY</LY>
          <RX>RX</RX>
          <RY>RY</RY>
        </Axis>
      </DS3>
      <DS4>
        <Button>
          <Up>Up</Up>
          <Right>Right</Right>
          <Down>Down</Down>
          <Left>Left</Left>
          <Square>Square</Square>
          <Cross>Cross</Cross>
          <Triangle>Triangle</Triangle>
          <L1>L1</L1>
          <R1>R1</R1>
          <L2>L2</L2>
          <R2>R2</R2>
          <Share>Share</Share>
          <Options>Options</Options>
          <L3>L3</L3>
          <R3>R3</R3>
          <PS>PS</PS>
          <TouchPad>TouchPad</TouchPad>
        </Button>
        <Axis>
          <LX>LX</LX>
          <LY>LY</LY>
          <RX>RX</RX>
          <RY>RY</RY>
        </Axis>
      </DS4>
    </Profile>
    <Profile>
      <Name>Default</Name>
      <Type>Global</Type>
      <Value />
      <DS3>
        <Button />
        <Axis />
      </DS3>
      <DS4>
        <Button />
        <Axis />
      </DS4>
    </Profile>
    <Profile>
      <Name>Fast Triggers</Name>
      <Type>Global</Type>
      <Value />
      <DS3>
        <Button />
        <Axis>
          <L2>None</L2>
          <R2>None</R2>
        </Axis>
      </DS3>
      <DS4>
        <Button />
        <Axis>
          <L2>None</L2>
          <R2>None</R2>
        </Axis>
      </DS4>
    </Profile>
    <Profile>
      <Name>LR Swap</Name>
      <Type>Global</Type>
      <Value />
      <DS3>
        <Button>
          <L3>R3</L3>
          <R3>L3</R3>
          <L2>R2</L2>
          <R2>L2</R2>
          <L1>R1</L1>
          <R1>L1</R1>
        </Button>
        <Axis>
          <L2>R2</L2>
          <R2>L2</R2>
          <L1>R1</L1>
          <R1>L1</R1>
        </Axis>
      </DS3>
      <DS4>
        <Button>
          <L1>R1</L1>
          <R1>L1</R1>
          <L2>R2</L2>
          <R2>L2</R2>
          <L3>R3</L3>
          <R3>L3</R3>
        </Button>
        <Axis>
          <L2>R2</L2>
          <R2>L2</R2>
        </Axis>
      </DS4>
    </Profile>
    <Profile>
      <Name>Map Triggers</Name>
      <Type>Global</Type>
      <Value />
      <DS3>
        <Button>
          <L3>L2</L3>
          <R3>R2</R3>
          <L2>L3</L2>
          <R2>R3</R2>
        </Button>
        <Axis>
          <L2>None</L2>
          <R2>None</R2>
        </Axis>
      </DS3>
      <DS4>
        <Button>
          <L2>L3</L2>
          <R2>R3</R2>
          <L3>L2</L3>
          <R3>R2</R3>
        </Button>
        <Axis>
          <L2>None</L2>
          <R2>None</R2>
        </Axis>
      </DS4>
    </Profile>
    <Profile>
      <Name>TB Swap</Name>
      <Type>Global</Type>
      <Value />
      <DS3>
        <Button>
          <L2>L1</L2>
          <R2>R1</R2>
          <L1>L2</L1>
          <R1>R2</R1>
        </Button>
        <Axis>
          <L2>None</L2>
          <R2>None</R2>
          <L1>None</L1>
          <R1>None</R1>
        </Axis>
      </DS3>
      <DS4>
        <Button>
          <L1>L2</L1>
          <R1>R2</R1>
          <L2>L1</L2>
          <R2>R1</R2>
        </Button>
        <Axis>
          <L2>None</L2>
          <R2>None</R2>
        </Axis>
      </DS4>
    </Profile>
  </Mapping>
</ScpMapper>